,Conf 1,Conf 2,Conf 3,Conf 4,Conf 5,Conf 6,Conf 7
run 1,0.719137,0.678237,0.691022,0.678237,0.750769,0.929751,0.678237
run 2,0.695649,0.73809,0.714506,0.68594,0.726917,1.05865,0.699772
run 3,0.519406,0.91168,1.07943,1.02856,0.691022,0.678237,1.38982
run 4,0.678237,0.715664,1.12348,0.701763,1.47454,0.723451,0.717088
run 5,1.54887,0.723451,0.900856,0.707719,0.590698,0.695649,0.849592
